first_name,last_name,email,gender,age,car,job,favourite_film
Devan,Armit,darmit0@sina.com.cn,Female,78,Opel,Nurse Practicioner,Thriller
Chris,Trembley,ctrembley1@buzzfeed.com,Female,37,Renault,Senior Developer,Thriller
Dominga,Bettles,dbettles2@fotki.com,Female,39,Renault,Data Coordiator,Drama
Molly,Tubby,mtubby3@odnoklassniki.ru,Female,30,Opel,Legal Assistant,Thriller
Tait,Carabine,tcarabine4@digg.com,Male,28,Fiat,Statistician I,Comedy
Andre,Fetherstan,afetherstan5@squidoo.com,Male,27,Renault,Environmental Tech,Thriller
Wanda,Mixhel,wmixhel6@boston.com,Female,80,Opel,Sales Associate,Thriller
Moreen,Di Nisco,mdinisco7@yandex.ru,Female,69,Opel,Marketing Manager,Thriller
Ken,Hinckley,khinckley8@discovery.com,Male,79,Fiat,Financial Analyst,Drama
Jessee,Fewkes,jfewkes9@smh.com.au,Male,37,Renault,Civil Engineer,Comedy
Waylin,Hyatt,whyatta@noaa.gov,Male,56,Opel,Account Coordinator,Thriller
Jeannine,Delwater,jdelwaterb@miibeian.gov.cn,Female,66,Opel,Teacher,Drama
Neddie,Hammon,nhammonc@dailymotion.com,Male,79,Ford,Web Designer I,Comedy
Wat,Aggas,waggasd@forbes.com,Male,68,Mazda,Environmental Specialist,Drama
Dina,Lawlie,dlawliee@hao123.com,Female,74,Renault,Recruiting Manager,Thriller
Chere,Votier,cvotierf@amazonaws.com,Female,69,Renault,Budget/Accounting Analyst IV,Drama
Buckie,Begbie,bbegbieg@craigslist.org,Male,80,Mazda,Developer III,Thriller
Cecil,Wemyss,cwemyssh@tinyurl.com,Male,66,Opel,Financial Advisor,Drama
Issy,Hinsche,ihinschei@timesonline.co.uk,Female,40,Opel,Web Developer III,Thriller
Jobie,Tittershill,jtittershillj@illinois.edu,Female,46,Ford,Chief Design Engineer,Drama
